user,item,ts
0,0,1609459200
1,1,1609545600
2,2,1609632000
3,3,1609718400
4,4,1609804800
5,5,1609891200
6,6,1609977600
7,7,1610064000
8,8,1610150400
9,9,1610236800
10,10,1610323200
11,11,1610409600
12,12,1610496000
13,13,1610582400
14,14,1610668800
15,15,1610755200
16,16,1610841600
17,17,1610928000
18,18,1611014400
19,19,1611100800
20,20,1611187200
21,21,1611273600
22,22,1611360000
23,23,1611446400
24,24,1611532800
25,25,1611619200
26,26,1611705600
27,27,1611792000
28,28,1611878400
29,29,1611964800
30,30,1612051200
31,31,1612137600
32,32,1612224000
33,33,1612310400
34,34,1612396800
35,35,1612483200
36,36,1612569600
37,37,1612656000
38,38,1612742400
39,39,1612828800
40,40,1612915200
41,41,1613001600
42,42,1613088000
43,43,1613174400
44,44,1613260800
45,45,1613347200
46,46,1613433600
47,47,1613520000
48,48,1613606400
49,49,1613692800
50,50,1613779200
51,51,1613865600
52,52,1613952000
53,53,1614038400
54,54,1614124800
55,55,1614211200
56,56,1614297600
57,57,1614384000
58,58,1614470400
59,59,1614556800
60,60,1614643200
61,61,1614729600
62,62,1614816000
63,63,1614902400
64,64,1614988800
65,65,1615075200
66,66,1615161600
67,67,1615248000
68,68,1615334400
69,69,1615420800
70,70,1615507200
71,71,1615593600
72,72,1615680000
73,73,1615766400
74,74,1615852800
75,75,1615939200
76,76,1616025600
77,77,1616112000
78,78,1616198400
79,79,1616284800
80,80,1616371200
81,81,1616457600
82,82,1616544000
83,83,1616630400
84,84,1616716800
85,85,1616803200
86,86,1616889600
87,87,1616976000
88,88,1617062400
89,89,1617148800
90,90,1617235200
91,91,1617321600
92,92,1617408000
93,93,1617494400
94,94,1617580800
95,95,1617667200
96,96,1617753600
97,97,1617840000
98,98,1617926400
99,99,1618012800
0,100,1618099200
1,101,1618185600
2,102,1618272000
3,103,1618358400
4,104,1618444800
5,105,1618531200
6,106,1618617600
7,107,1618704000
8,108,1618790400
9,109,1618876800
10,110,1618963200
11,111,1619049600
12,112,1619136000
13,113,1619222400
14,114,1619308800
15,115,1619395200
16,116,1619481600
17,117,1619568000
18,118,1619654400
19,119,1619740800
20,120,1619827200
21,121,1619913600
22,122,1620000000
23,123,1620086400
24,124,1620172800
25,125,1620259200
26,126,1620345600
27,127,1620432000
28,128,1620518400
29,129,1620604800
30,130,1620691200
31,131,1620777600
32,132,1620864000
33,133,1620950400
34,134,1621036800
35,135,1621123200
36,136,1621209600
37,137,1621296000
38,138,1621382400
39,139,1621468800
40,140,1621555200
41,141,1621641600
42,142,1621728000
43,143,1621814400
44,144,1621900800
45,145,1621987200
46,146,1622073600
47,147,1622160000
48,148,1622246400
49,149,1622332800
50,150,1622419200
51,151,1622505600
52,152,1622592000
53,153,1622678400
54,154,1622764800
55,155,1622851200
56,156,1622937600
57,157,1623024000
58,158,1623110400
59,159,1623196800
60,160,1623283200
61,161,1623369600
62,162,1623456000
63,163,1623542400
64,164,1623628800
65,165,1623715200
66,166,1623801600
67,167,1623888000
68,168,1623974400
69,169,1624060800
70,170,1624147200
71,171,1624233600
72,172,1624320000
73,173,1624406400
74,174,1624492800
75,175,1624579200
76,176,1624665600
77,177,1624752000
78,178,1624838400
79,179,1624924800
80,180,1625011200
81,181,1625097600
82,182,1625184000
83,183,1625270400
84,184,1625356800
85,185,1625443200
86,186,1625529600
87,187,1625616000
88,188,1625702400
89,189,1625788800
90,190,1625875200
91,191,1625961600
92,192,1626048000
93,193,1626134400
94,194,1626220800
95,195,1626307200
96,196,1626393600
97,197,1626480000
98,198,1626566400
99,199,1626652800
0,0,1626739200
1,1,1626825600
2,2,1626912000
3,3,1626998400
4,4,1627084800
5,5,1627171200
6,6,1627257600
7,7,1627344000
8,8,1627430400
9,9,1627516800
10,10,1627603200
11,11,1627689600
12,12,1627776000
13,13,1627862400
14,14,1627948800
15,15,1628035200
16,16,1628121600
17,17,1628208000
18,18,1628294400
19,19,1628380800
20,20,1628467200
21,21,1628553600
22,22,1628640000
23,23,1628726400
24,24,1628812800
25,25,1628899200
26,26,1628985600
27,27,1629072000
28,28,1629158400
29,29,1629244800
30,30,1629331200
31,31,1629417600
32,32,1629504000
33,33,1629590400
34,34,1629676800
35,35,1629763200
36,36,1629849600
37,37,1629936000
38,38,1630022400
39,39,1630108800
40,40,1630195200
41,41,1630281600
42,42,1630368000
43,43,1630454400
44,44,1630540800
45,45,1630627200
46,46,1630713600
47,47,1630800000
48,48,1630886400
49,49,1630972800
50,50,1631059200
51,51,1631145600
52,52,1631232000
53,53,1631318400
54,54,1631404800
55,55,1631491200
56,56,1631577600
57,57,1631664000
58,58,1631750400
59,59,1631836800
60,60,1631923200
61,61,1632009600
62,62,1632096000
63,63,1632182400
64,64,1632268800
65,65,1632355200
66,66,1632441600
67,67,1632528000
68,68,1632614400
69,69,1632700800
70,70,1632787200
71,71,1632873600
72,72,1632960000
73,73,1633046400
74,74,1633132800
75,75,1633219200
76,76,1633305600
77,77,1633392000
78,78,1633478400
79,79,1633564800
80,80,1633651200
81,81,1633737600
82,82,1633824000
83,83,1633910400
84,84,1633996800
85,85,1634083200
86,86,1634169600
87,87,1634256000
88,88,1634342400
89,89,1634428800
90,90,1634515200
91,91,1634601600
92,92,1634688000
93,93,1634774400
94,94,1634860800
95,95,1634947200
96,96,1635033600
97,97,1635120000
98,98,1635206400
99,99,1635292800
0,100,1635379200
1,101,1635465600
2,102,1635552000
3,103,1635638400
4,104,1635724800
5,105,1635811200
6,106,1635897600
7,107,1635984000
8,108,1636070400
9,109,1636156800
10,110,1636243200
11,111,1636329600
12,112,1636416000
13,113,1636502400
14,114,1636588800
15,115,1636675200
16,116,1636761600
17,117,1636848000
18,118,1636934400
19,119,1637020800
20,120,1637107200
21,121,1637193600
22,122,1637280000
23,123,1637366400
24,124,1637452800
25,125,1637539200
26,126,1637625600
27,127,1637712000
28,128,1637798400
29,129,1637884800
30,130,1637971200
31,131,1638057600
32,132,1638144000
33,133,1638230400
34,134,1638316800
35,135,1638403200
36,136,1638489600
37,137,1638576000
38,138,1638662400
39,139,1638748800
40,140,1638835200
41,141,1638921600
42,142,1639008000
43,143,1639094400
44,144,1639180800
45,145,1639267200
46,146,1639353600
47,147,1639440000
48,148,1639526400
49,149,1639612800
50,150,1639699200
51,151,1639785600
52,152,1639872000
53,153,1639958400
54,154,1640044800
55,155,1640131200
56,156,1640217600
57,157,1640304000
58,158,1640390400
59,159,1640476800
60,160,1640563200
61,161,1640649600
62,162,1640736000
63,163,1640822400
64,164,1640908800
65,165,1640995200
66,166,1641081600
67,167,1641168000
68,168,1641254400
69,169,1641340800
70,170,1641427200
71,171,1641513600
72,172,1641600000
73,173,1641686400
74,174,1641772800
75,175,1641859200
76,176,1641945600
77,177,1642032000
78,178,1642118400
79,179,1642204800
80,180,1642291200
81,181,1642377600
82,182,1642464000
83,183,1642550400
84,184,1642636800
85,185,1642723200
86,186,1642809600
87,187,1642896000
88,188,1642982400
89,189,1643068800
90,190,1643155200
91,191,1643241600
92,192,1643328000
93,193,1643414400
94,194,1643500800
95,195,1643587200
96,196,1643673600
97,197,1643760000
98,198,1643846400
99,199,1643932800
0,0,1644019200
1,1,1644105600
2,2,1644192000
3,3,1644278400
4,4,1644364800
5,5,1644451200
6,6,1644537600
7,7,1644624000
8,8,1644710400
9,9,1644796800
10,10,1644883200
11,11,1644969600
12,12,1645056000
13,13,1645142400
14,14,1645228800
15,15,1645315200
16,16,1645401600
17,17,1645488000
18,18,1645574400
19,19,1645660800
20,20,1645747200
21,21,1645833600
22,22,1645920000
23,23,1646006400
24,24,1646092800
25,25,1646179200
26,26,1646265600
27,27,1646352000
28,28,1646438400
29,29,1646524800
30,30,1646611200
31,31,1646697600
32,32,1646784000
33,33,1646870400
34,34,1646956800
35,35,1647043200
36,36,1647129600
37,37,1647216000
38,38,1647302400
39,39,1647388800
40,40,1647475200
41,41,1647561600
42,42,1647648000
43,43,1647734400
44,44,1647820800
45,45,1647907200
46,46,1647993600
47,47,1648080000
48,48,1648166400
49,49,1648252800
50,50,1648339200
51,51,1648425600
52,52,1648512000
53,53,1648598400
54,54,1648684800
55,55,1648771200
56,56,1648857600
57,57,1648944000
58,58,1649030400
59,59,1649116800
60,60,1649203200
61,61,1649289600
62,62,1649376000
63,63,1649462400
64,64,1649548800
65,65,1649635200
66,66,1649721600
67,67,1649808000
68,68,1649894400
69,69,1649980800
70,70,1650067200
71,71,1650153600
72,72,1650240000
73,73,1650326400
74,74,1650412800
75,75,1650499200
76,76,1650585600
77,77,1650672000
78,78,1650758400
79,79,1650844800
80,80,1650931200
81,81,1651017600
82,82,1651104000
83,83,1651190400
84,84,1651276800
85,85,1651363200
86,86,1651449600
87,87,1651536000
88,88,1651622400
89,89,1651708800
90,90,1651795200
91,91,1651881600
92,92,1651968000
93,93,1652054400
94,94,1652140800
95,95,1652227200
96,96,1652313600
97,97,1652400000
98,98,1652486400
99,99,1652572800
0,100,1652659200
1,101,1652745600
2,102,1652832000
3,103,1652918400
4,104,1653004800
5,105,1653091200
6,106,1653177600
7,107,1653264000
8,108,1653350400
9,109,1653436800
10,110,1653523200
11,111,1653609600
12,112,1653696000
13,113,1653782400
14,114,1653868800
15,115,1653955200
16,116,1654041600
17,117,1654128000
18,118,1654214400
19,119,1654300800
20,120,1654387200
21,121,1654473600
22,122,1654560000
23,123,1654646400
24,124,1654732800
25,125,1654819200
26,126,1654905600
27,127,1654992000
28,128,1655078400
29,129,1655164800
30,130,1655251200
31,131,1655337600
32,132,1655424000
33,133,1655510400
34,134,1655596800
35,135,1655683200
36,136,1655769600
37,137,1655856000
38,138,1655942400
39,139,1656028800
40,140,1656115200
41,141,1656201600
42,142,1656288000
43,143,1656374400
44,144,1656460800
45,145,1656547200
46,146,1656633600
47,147,1656720000
48,148,1656806400
49,149,1656892800
50,150,1656979200
51,151,1657065600
52,152,1657152000
53,153,1657238400
54,154,1657324800
55,155,1657411200
56,156,1657497600
57,157,1657584000
58,158,1657670400
59,159,1657756800
60,160,1657843200
61,161,1657929600
62,162,1658016000
63,163,1658102400
64,164,1658188800
65,165,1658275200
66,166,1658361600
67,167,1658448000
68,168,1658534400
69,169,1658620800
70,170,1658707200
71,171,1658793600
72,172,1658880000
73,173,1658966400
74,174,1659052800
75,175,1659139200
76,176,1659225600
77,177,1659312000
78,178,1659398400
79,179,1659484800
80,180,1659571200
81,181,1659657600
82,182,1659744000
83,183,1659830400
84,184,1659916800
85,185,1660003200
86,186,1660089600
87,187,1660176000
88,188,1660262400
89,189,1660348800
90,190,1660435200
91,191,1660521600
92,192,1660608000
93,193,1660694400
94,194,1660780800
95,195,1660867200
96,196,1660953600
97,197,1661040000
98,198,1661126400
99,199,1661212800
0,0,1661299200
1,1,1661385600
2,2,1661472000
3,3,1661558400
4,4,1661644800
5,5,1661731200
6,6,1661817600
7,7,1661904000
8,8,1661990400
9,9,1662076800
10,10,1662163200
11,11,1662249600
12,12,1662336000
13,13,1662422400
14,14,1662508800
15,15,1662595200
16,16,1662681600
17,17,1662768000
18,18,1662854400
19,19,1662940800
20,20,1663027200
21,21,1663113600
22,22,1663200000
23,23,1663286400
24,24,1663372800
25,25,1663459200
26,26,1663545600
27,27,1663632000
28,28,1663718400
29,29,1663804800
30,30,1663891200
31,31,1663977600
32,32,1664064000
33,33,1664150400
34,34,1664236800
35,35,1664323200
36,36,1664409600
37,37,1664496000
38,38,1664582400
39,39,1664668800
40,40,1664755200
41,41,1664841600
42,42,1664928000
43,43,1665014400
44,44,1665100800
45,45,1665187200
46,46,1665273600
47,47,1665360000
48,48,1665446400
49,49,1665532800
50,50,1665619200
51,51,1665705600
52,52,1665792000
53,53,1665878400
54,54,1665964800
55,55,1666051200
56,56,1666137600
57,57,1666224000
58,58,1666310400
59,59,1666396800
60,60,1666483200
61,61,1666569600
62,62,1666656000
63,63,1666742400
64,64,1666828800
65,65,1666915200
66,66,1667001600
67,67,1667088000
68,68,1667174400
69,69,1667260800
70,70,1667347200
71,71,1667433600
72,72,1667520000
73,73,1667606400
74,74,1667692800
75,75,1667779200
76,76,1667865600
77,77,1667952000
78,78,1668038400
79,79,1668124800
80,80,1668211200
81,81,1668297600
82,82,1668384000
83,83,1668470400
84,84,1668556800
85,85,1668643200
86,86,1668729600
87,87,1668816000
88,88,1668902400
89,89,1668988800
90,90,1669075200
91,91,1669161600
92,92,1669248000
93,93,1669334400
94,94,1669420800
95,95,1669507200
96,96,1669593600
97,97,1669680000
98,98,1669766400
99,99,1669852800
0,100,1669939200
1,101,1670025600
2,102,1670112000
3,103,1670198400
4,104,1670284800
5,105,1670371200
6,106,1670457600
7,107,1670544000
8,108,1670630400
9,109,1670716800
10,110,1670803200
11,111,1670889600
12,112,1670976000
13,113,1671062400
14,114,1671148800
15,115,1671235200
16,116,1671321600
17,117,1671408000
18,118,1671494400
19,119,1671580800
20,120,1671667200
21,121,1671753600
22,122,1671840000
23,123,1671926400
24,124,1672012800
25,125,1672099200
26,126,1672185600
27,127,1672272000
28,128,1672358400
29,129,1672444800
30,130,1672531200
31,131,1672617600
32,132,1672704000
33,133,1672790400
34,134,1672876800
35,135,1672963200
36,136,1673049600
37,137,1673136000
38,138,1673222400
39,139,1673308800
40,140,1673395200
41,141,1673481600
42,142,1673568000
43,143,1673654400
44,144,1673740800
45,145,1673827200
46,146,1673913600
47,147,1674000000
48,148,1674086400
49,149,1674172800
50,150,1674259200
51,151,1674345600
52,152,1674432000
53,153,1674518400
54,154,1674604800
55,155,1674691200
56,156,1674777600
57,157,1674864000
58,158,1674950400
59,159,1675036800
60,160,1675123200
61,161,1675209600
62,162,1675296000
63,163,1675382400
64,164,1675468800
65,165,1675555200
66,166,1675641600
67,167,1675728000
68,168,1675814400
69,169,1675900800
70,170,1675987200
71,171,1676073600
72,172,1676160000
73,173,1676246400
74,174,1676332800
75,175,1676419200
76,176,1676505600
77,177,1676592000
78,178,1676678400
79,179,1676764800
80,180,1676851200
81,181,1676937600
82,182,1677024000
83,183,1677110400
84,184,1677196800
85,185,1677283200
86,186,1677369600
87,187,1677456000
88,188,1677542400
89,189,1677628800
90,190,1677715200
91,191,1677801600
92,192,1677888000
93,193,1677974400
94,194,1678060800
95,195,1678147200
96,196,1678233600
97,197,1678320000
98,198,1678406400
99,199,1678492800
0,0,1678579200
1,1,1678665600
2,2,1678752000
3,3,1678838400
4,4,1678924800
5,5,1679011200
6,6,1679097600
7,7,1679184000
8,8,1679270400
9,9,1679356800
10,10,1679443200
11,11,1679529600
12,12,1679616000
13,13,1679702400
14,14,1679788800
15,15,1679875200
16,16,1679961600
17,17,1680048000
18,18,1680134400
19,19,1680220800
20,20,1680307200
21,21,1680393600
22,22,1680480000
23,23,1680566400
24,24,1680652800
25,25,1680739200
26,26,1680825600
27,27,1680912000
28,28,1680998400
29,29,1681084800
30,30,1681171200
31,31,1681257600
32,32,1681344000
33,33,1681430400
34,34,1681516800
35,35,1681603200
36,36,1681689600
37,37,1681776000
38,38,1681862400
39,39,1681948800
40,40,1682035200
41,41,1682121600
42,42,1682208000
43,43,1682294400
44,44,1682380800
45,45,1682467200
46,46,1682553600
47,47,1682640000
48,48,1682726400
49,49,1682812800
50,50,1682899200
51,51,1682985600
52,52,1683072000
53,53,1683158400
54,54,1683244800
55,55,1683331200
56,56,1683417600
57,57,1683504000
58,58,1683590400
59,59,1683676800
60,60,1683763200
61,61,1683849600
62,62,1683936000
63,63,1684022400
64,64,1684108800
65,65,1684195200
66,66,1684281600
67,67,1684368000
68,68,1684454400
69,69,1684540800
70,70,1684627200
71,71,1684713600
72,72,1684800000
73,73,1684886400
74,74,1684972800
75,75,1685059200
76,76,1685145600
77,77,1685232000
78,78,1685318400
79,79,1685404800
80,80,1685491200
81,81,1685577600
82,82,1685664000
83,83,1685750400
84,84,1685836800
85,85,1685923200
86,86,1686009600
87,87,1686096000
88,88,1686182400
89,89,1686268800
90,90,1686355200
91,91,1686441600
92,92,1686528000
93,93,1686614400
94,94,1686700800
95,95,1686787200
96,96,1686873600
97,97,1686960000
98,98,1687046400
99,99,1687132800
0,100,1687219200
1,101,1687305600
2,102,1687392000
3,103,1687478400
4,104,1687564800
5,105,1687651200
6,106,1687737600
7,107,1687824000
8,108,1687910400
9,109,1687996800
10,110,1688083200
11,111,1688169600
12,112,1688256000
13,113,1688342400
14,114,1688428800
15,115,1688515200
16,116,1688601600
17,117,1688688000
18,118,1688774400
19,119,1688860800
20,120,1688947200
21,121,1689033600
22,122,1689120000
23,123,1689206400
24,124,1689292800
25,125,1689379200
26,126,1689465600
27,127,1689552000
28,128,1689638400
29,129,1689724800
30,130,1689811200
31,131,1689897600
32,132,1689984000
33,133,1690070400
34,134,1690156800
35,135,1690243200
36,136,1690329600
37,137,1690416000
38,138,1690502400
39,139,1690588800
40,140,1690675200
41,141,1690761600
42,142,1690848000
43,143,1690934400
44,144,1691020800
45,145,1691107200
46,146,1691193600
47,147,1691280000
48,148,1691366400
49,149,1691452800
50,150,1691539200
51,151,1691625600
52,152,1691712000
53,153,1691798400
54,154,1691884800
55,155,1691971200
56,156,1692057600
57,157,1692144000
58,158,1692230400
59,159,1692316800
60,160,1692403200
61,161,1692489600
62,162,1692576000
63,163,1692662400
64,164,1692748800
65,165,1692835200
66,166,1692921600
67,167,1693008000
68,168,1693094400
69,169,1693180800
70,170,1693267200
71,171,1693353600
72,172,1693440000
73,173,1693526400
74,174,1693612800
75,175,1693699200
76,176,1693785600
77,177,1693872000
78,178,1693958400
79,179,1694044800
80,180,1694131200
81,181,1694217600
82,182,1694304000
83,183,1694390400
84,184,1694476800
85,185,1694563200
86,186,1694649600
87,187,1694736000
88,188,1694822400
89,189,1694908800
90,190,1694995200
91,191,1695081600
92,192,1695168000
93,193,1695254400
94,194,1695340800
95,195,1695427200
96,196,1695513600
97,197,1695600000
98,198,1695686400
99,199,1695772800
